,correlation_with_label
URLSimilarityIndex,0.8603423834778503
HasSocialNet,0.7838816522164723
HasCopyrightInfo,0.7431971706670659
HasDescription,0.6900105110315459
IsHTTPS,0.6102534884435669
DomainTitleMatchScore,0.5842041471670028
HasSubmitButton,0.5788156779011845
IsResponsive,0.5489772580071229
URLTitleMatchScore,0.5388441829429673
SpacialCharRatioInURL,-0.5330027157542911
HasHiddenFields,0.5077154887600787
HasFavicon,0.49360667836677885
URLCharProb,0.46952129489408984
CharContinuationRate,0.46716205204995315
HasTitle,0.46033747762802985
DegitRatioInURL,-0.43189595910517514
Robots,0.3924614598000866
NoOfJS,0.3731616723460727
LetterRatioInURL,-0.3669695442305177
Pay,0.3597237998291251
NoOfOtherSpecialCharsInURL,-0.35826768403668857
NoOfSelfRef,0.31586710948756064
DomainLength,-0.2826428100572447
NoOfImage,0.27436474623097434
LineOfCode,0.2719696929218569
NoOfExternalRef,0.25833889571051716
NoOfLettersInURL,-0.2576255100486775
URLLength,-0.23306006233280022
NoOfiFrame,0.22556719200699757
Bank,0.188886091631317
NoOfDegitsInURL,-0.17775462684681556
NoOfQMarkInURL,-0.17602659507256802
HasExternalFormSubmit,0.16739807298741646
HasPasswordField,0.13916176670368105
NoOfEmptyRef,0.10913819966426895
Crypto,0.09965611411169749
TLDLegitimateProb,0.09722894408403338
TLDLength,-0.07897337937012483
NoOfEqualsInURL,-0.07716503312075586
NoOfSelfRedirect,-0.07677375446259121
NoOfCSS,0.06803492245745377
IsDomainIP,-0.06028923782101806
HasObfuscation,-0.05252224851445157
NoOfPopup,0.04735473750344142
NoOfURLRedirect,-0.046397933290610635
ObfuscationRatio,-0.04195411363532288
LargestLineLength,-0.04097405972749848
NoOfAmpersandInURL,-0.034697694495938826
NoOfObfuscatedChar,-0.015345199664198264
NoOfSubDomain,-0.006355634532981908
